year,region,actual_jun,actual_jul,actual_aug,actual_sep,actual_jjas,anomalypct_jun,anomalypct_jul,anomalypct_aug,anomalypct_sep,anomalypct_jjas
1901,allindia,112.3,241.5,268.9,126.1,748.8,-32.1,-13.9,5.5,-24.9,-13.8
1902,allindia,109,283.2,202.1,201,795.2,-34.1,1,-20.7,19.7,-8.4
1903,allindia,117,292,272,200.1,881.1,-29.2,4.1,6.7,19.2,1.5
1904,allindia,164.4,261.4,204.1,130.6,760.4,-0.5,-6.8,-19.9,-22.2,-12.4
1905,allindia,92.3,251.7,201.3,177.4,722.7,-44.2,-10.2,-21,5.7,-16.8
1906,allindia,177.9,285.5,248.7,183,895.1,7.6,1.8,-2.4,9,3.1
1907,allindia,152.7,223.9,308.9,96.4,781.9,-7.6,-20.1,21.2,-42.6,-10
1908,allindia,126.4,326.1,313.6,152.9,919.1,-23.5,16.3,23,-8.9,5.8
1909,allindia,206.8,308.2,234.5,162.2,911.8,25.1,9.9,-8,-3.4,5
1910,allindia,212.2,246.9,289.6,185.6,934.2,28.4,-11.9,13.6,10.5,7.6
1911,allindia,190.2,163.3,214.7,180.2,748.4,15.1,-41.8,-15.8,7.3,-13.8
1912,allindia,106.8,330.4,262.4,119.4,818.9,-35.4,17.8,2.9,-28.9,-5.7
1913,allindia,213.9,268.1,193.7,109.3,785.1,29.4,-4.4,-24,-34.9,-9.6
1914,allindia,156.5,351.7,242.4,195.3,945.9,-5.3,25.4,-4.9,16.3,8.9
1915,allindia,155.8,230.7,228.6,174.3,789.4,-5.7,-17.7,-10.3,3.8,-9.1
1916,allindia,232.4,271.2,314,200.4,1018.1,40.6,-3.3,23.2,19.4,17.2
1917,allindia,233.1,286.8,297.7,282.3,1099.8,41,2.3,16.8,68.1,26.6
1918,allindia,212.3,186.2,244.2,112.7,755.4,28.4,-33.6,-4.2,-32.9,-13
1919,allindia,195.3,309.5,290,162.8,957.7,18.1,10.4,13.8,-3,10.3
1920,allindia,163.6,297.3,192.7,123.2,776.8,-1,6,-24.4,-26.6,-10.6
1921,allindia,192.3,294.4,279.6,205.1,971.4,16.3,5,9.7,22.2,11.8
1922,allindia,205.1,318.8,220.8,204.1,948.9,24.1,13.7,-13.4,21.6,9.3
1923,allindia,101.7,341.1,277.2,175.1,895,-38.5,21.6,8.7,4.3,3.1
1924,allindia,134.4,330.7,259.8,237.8,962.7,-18.7,17.9,1.9,41.6,10.8
1925,allindia,204.3,306.1,239.1,140,889.5,23.6,9.2,-6.2,-16.6,2.4
1926,allindia,97.4,320.6,337.6,211.7,967.3,-41.1,14.3,32.4,26.1,11.4
1927,allindia,176.9,349.9,260,172.3,959,7,24.8,2,2.6,10.4
1928,allindia,178.8,305.8,233.3,145.9,863.8,8.2,9.1,-8.5,-13.1,-0.5
1929,allindia,194.5,297.7,245.2,125.4,862.9,17.7,6.2,-3.8,-25.3,-0.6
1930,allindia,179.9,292.3,212.9,175.4,860.4,8.8,4.2,-16.5,4.5,-0.9
1931,allindia,132.4,320.9,308.6,191.1,953,-19.9,14.4,21.1,13.8,9.7
1932,allindia,141.5,334.2,239.4,182.3,897.4,-14.4,19.2,-6.1,8.6,3.3
1933,allindia,215.9,284.8,316.4,213.1,1030.3,30.6,1.6,24.1,26.9,18.6
1934,allindia,215.3,285.1,296.8,166.6,963.8,30.2,1.7,16.4,-0.8,11
1935,allindia,158.9,317.3,249,187.1,912.3,-3.9,13.2,-2.3,11.4,5
1936,allindia,246.9,293.5,239.9,195.2,975.5,49.4,4.7,-5.9,16.3,12.3
1937,allindia,163,337.8,209.8,175.6,886.2,-1.4,20.5,-17.7,4.6,2
1938,allindia,273.4,302.5,252.2,170.4,998.5,65.4,7.9,-1.1,1.5,15
1939,allindia,171.5,274,232.2,155.7,833.4,3.8,-2.3,-8.9,-7.3,-4
1940,allindia,174.5,310.7,281.3,125.1,891.5,5.6,10.8,10.4,-25.5,2.6
1941,allindia,170.8,240.5,231.7,155.6,798.5,3.3,-14.2,-9.1,-7.3,-8.1
1942,allindia,190.2,343.8,293.2,182,1009.1,15.1,22.6,15,8.4,16.2
1943,allindia,166.9,311.4,233.6,211.3,923.2,1,11.1,-8.4,25.8,6.3
1944,allindia,154.5,354.4,290.6,155.8,955.4,-6.5,26.4,14,-7.2,10
1945,allindia,156.9,333.3,247.1,214.1,951.4,-5.1,18.9,-3.1,27.5,9.5
1946,allindia,212.7,318.5,297.1,144.2,972.6,28.7,13.6,16.6,-14.1,12
1947,allindia,130.2,313.3,290.8,240.2,974.5,-21.2,11.7,14.1,43.1,12.2
1948,allindia,161.7,345.2,282.8,177.3,967,-2.2,23.1,10.9,5.6,11.3
1949,allindia,162.1,317,242,225.9,946.9,-1.9,13.1,-5.1,34.5,9
1950,allindia,133.8,333.5,234.2,203,904.6,-19.1,18.9,-8.1,20.9,4.2
1951,allindia,160.1,249.5,221.3,123.3,754.2,-3.1,-11,-13.2,-26.6,-13.2
1952,allindia,163.7,284.7,256.1,118.4,822.9,-1,1.5,0.5,-29.5,-5.3
1953,allindia,162.4,321.1,299.7,178.3,961.5,-1.8,14.5,17.6,6.2,10.7
1954,allindia,141.1,293.8,230.8,246.8,912.4,-14.6,4.8,-9.5,47,5.1
1955,allindia,174.7,233.5,321.7,218,947.9,5.7,-16.7,26.2,29.8,9.1
1956,allindia,209.2,363.1,260.8,165.5,998.6,26.6,29.5,2.3,-1.4,15
1957,allindia,154.4,305.5,272.9,131.7,864.5,-6.6,9,7.1,-21.6,-0.5
1958,allindia,122.2,315.6,321.6,231,990.4,-26.1,12.6,26.2,37.6,14
1959,allindia,167.7,374.3,264.8,236.6,1043.3,1.5,33.5,3.9,40.9,20.1
1960,allindia,157.3,317,252.5,181.3,908.1,-4.8,13.1,-0.9,8,4.6
1961,allindia,192.4,337.1,286.4,235.2,1051.1,16.4,20.2,12.4,40.1,21
1962,allindia,135.2,280.8,276.4,210.2,902.5,-18.2,0.1,8.4,25.2,3.9
1963,allindia,166.9,256.8,317.6,165.4,906.7,1,-8.4,24.6,-1.5,4.4
1964,allindia,175.6,343.6,273.2,199.5,991.9,6.2,22.5,7.2,18.8,14.2
1965,allindia,115.5,269.2,192.3,130.1,707.2,-30.1,-4,-24.6,-22.5,-18.6
1966,allindia,176.9,251.5,216.3,147.2,791.8,7,-10.3,-15.1,-12.3,-8.8
1967,allindia,142.8,304.6,264.1,171.3,882.8,-13.6,8.6,3.6,2,1.6
1968,allindia,148,308.4,214.1,128.7,799.3,-10.5,10,-16,-23.3,-8
1969,allindia,130.2,320.6,277,173.8,901.7,-21.2,14.3,8.7,3.5,3.8
1970,allindia,215.8,251.2,318.6,214.5,1000.1,30.6,-10.4,25,27.8,15.2
1971,allindia,228.7,268,268.3,148,913,38.4,-4.4,5.3,-11.9,5.1
1972,allindia,122,204,219.6,128.9,674.4,-26.2,-27.2,-13.8,-23.2,-22.3
1973,allindia,149.5,278.5,312.5,183.6,924.1,-9.6,-0.7,22.6,9.4,6.4
1974,allindia,122.8,280.3,231.3,143.6,778,-25.7,0,-9.3,-14.5,-10.4
1975,allindia,174.8,307.9,288.6,226.7,998,5.7,9.8,13.2,35,14.9
1976,allindia,157.4,291.6,293.3,142.9,885.2,-4.8,4,15.1,-14.9,1.9
1977,allindia,184.8,321.9,245,146.4,898,11.8,14.8,-3.9,-12.8,3.4
1978,allindia,207.1,289.3,281.8,161.5,939.7,25.3,3.2,10.6,-3.8,8.2
1979,allindia,139.1,238,210.2,136,723.3,-15.8,-15.1,-17.5,-19,-16.7
1980,allindia,228.9,296.5,264.3,144.9,934.6,38.5,5.7,3.7,-13.7,7.6
1981,allindia,151.5,309.2,238.6,185.8,885.2,-8.3,10.3,-6.4,10.7,1.9
1982,allindia,136.5,230.5,276.1,126.1,769.2,-17.4,-17.8,8.3,-24.9,-11.4
1983,allindia,150,282.4,305.9,251.9,990.3,-9.3,0.7,20,50,14
1984,allindia,190.7,285.9,265.2,145.3,887.1,15.4,2,4,-13.5,2.1
1985,allindia,154.9,289.8,234.1,151.3,830.1,-6.3,3.4,-8.2,-9.9,-4.4
1986,allindia,180.9,261.5,228.3,124.5,795.1,9.4,-6.7,-10.4,-25.8,-8.5
1987,allindia,130.5,220.1,243.1,150.6,744.4,-21.1,-21.5,-4.6,-10.3,-14.3
1988,allindia,157.7,376.5,300.1,218.4,1052.7,-4.6,34.3,17.7,30.1,21.2
1989,allindia,183.9,302.3,237.1,163.8,887.1,11.3,7.8,-7,-2.4,2.1
1990,allindia,190.5,286.8,290,196.1,963.5,15.2,2.3,13.8,16.8,10.9
1991,allindia,183.6,277,260,135.8,856.5,11.1,-1.2,2,-19.1,-1.4
1992,allindia,136.6,266.5,285,167.9,856,-17.4,-5,11.8,0,-1.4
1993,allindia,169.6,304.5,201.9,209.6,885.6,2.6,8.6,-20.8,24.8,2
1994,allindia,203.1,350.9,285.9,148.9,988.8,22.9,25.1,12.2,-11.3,13.9
1995,allindia,138.1,320.1,267.1,180.2,905.5,-16.5,14.2,4.8,7.3,4.3
1996,allindia,184.4,265.3,300.1,147.8,897.5,11.6,-5.4,17.7,-12,3.3
1997,allindia,171.6,284.7,263,150.8,870.1,3.8,1.5,3.2,-10.2,0.2
1998,allindia,161.6,282.4,248.7,202.9,895.6,-2.2,0.7,-2.4,20.8,3.1
1999,allindia,170.8,266.1,221.9,186.8,845.6,3.3,-5.1,-12.9,11.3,-2.6
2000,allindia,185.2,268.6,225.4,135.8,815,12,-4.2,-11.6,-19.1,-6.2
2001,allindia,215.2,280.1,205.7,109.5,810.4,30.2,-0.1,-19.3,-34.8,-6.7
2002,allindia,169.1,138.5,243.6,136,687.1,2.3,-50.6,-4.4,-19,-20.9
2003,allindia,164.6,303.7,248.3,180.3,896.8,-0.4,8.3,-2.6,7.4,3.3
2004,allindia,166.3,242.7,252.8,123.3,785.1,0.6,-13.4,-0.8,-26.6,-9.6
2005,allindia,145.8,333.4,191.2,201.4,871.8,-11.8,18.9,-25,20,0.4
2006,allindia,151,288,288.2,170.7,898,-8.7,2.7,13.1,1.7,3.4
2007,allindia,199.9,294.3,259.1,213.3,966.6,20.9,5,1.6,27,11.3
2008,allindia,210.5,254.2,265.6,166.8,897.1,27.3,-9.3,4.2,-0.7,3.3
2009,allindia,87.5,285.7,193.5,142.4,709.2,-47.1,1.9,-24.1,-15.2,-18.3
2010,allindia,141.3,299.1,273.3,197.9,911.6,-14.5,6.7,7.2,17.9,5
2011,allindia,183.1,247.8,288.7,191.5,911.1,10.8,-11.6,13.3,14.1,4.9
2012,allindia,120.8,255.2,264.4,196.7,837.1,-26.9,-9,3.7,17.2,-3.6
2013,allindia,220.7,310.3,258.6,153.8,943.4,33.5,10.7,1.5,-8.4,8.6
2014,allindia,92.1,265.5,233.7,189.6,781,-44.3,-5.3,-8.3,12.9,-10.1
2015,allindia,188.4,240.1,199.8,129.9,758.2,14,-14.4,-21.6,-22.6,-12.7
2016,allindia,147.6,308.4,239.7,169.8,865.5,-10.7,10,-6,1.1,-0.3
2017,allindia,172.7,290.3,229.5,153.2,845.7,4.5,3.5,-10,-8.8,-2.6
2018,allindia,156.3,274.2,241,132.5,804,-5.4,-2.2,-5.5,-21.1,-7.4
2019,allindia,113.6,297,299.9,260.2,970.8,-31.3,5.9,17.7,55,11.8
2020,allindia,195.8,257.1,328.2,178.2,959.3,18.5,-8.3,28.8,6.1,10.5
2021,allindia,182.3,266.3,194.3,229.3,872.3,10.3,-5,-23.8,36.6,0.4
2022,allindia,152.3,327.7,263.7,181.3,925,-7.9,16.9,3.4,8,6.5
1901,central,104.2,283.1,325.2,114.6,827.1,-38.8,-11.9,5.3,-35.5,-15.4
1902,central,63.3,333.3,228.4,212,837,-62.8,3.7,-26,19.4,-14.4
1903,central,94.6,380.5,281.4,204.5,960.9,-44.5,18.4,-8.9,15.1,-1.8
1904,central,184.4,265,212.8,156.6,818.9,8.3,-17.5,-31.1,-11.8,-16.3
1905,central,57.6,342.5,172.8,203.2,776.1,-66.2,6.6,-44,14.4,-20.7
1906,central,215.7,354.2,232.5,203.7,1006.1,26.7,10.2,-24.7,14.7,2.9
1907,central,148.3,262.9,405.5,76.3,892.9,-12.9,-18.2,31.3,-57,-8.7
1908,central,142.7,407.3,387.7,132.7,1070.4,-16.2,26.7,25.6,-25.3,9.4
1909,central,211.3,378,202.5,162.8,954.5,24.1,17.6,-34.4,-8.3,-2.4
1910,central,242.3,252,323,225.6,1042.9,42.3,-21.6,4.6,27,6.6
1911,central,209.6,160.6,271.8,172.5,814.5,23.1,-50,-12,-2.9,-16.7
1912,central,88.6,421.2,306.7,114.1,930.5,-48,31.1,-0.7,-35.8,-4.9
1913,central,247.3,354,229.1,103,933.5,45.2,10.1,-25.8,-42,-4.6
1914,central,203.2,409.3,245,239.7,1097.1,19.3,27.3,-20.7,35,12.2
1915,central,166.9,256.8,234.9,183.9,842.5,-2,-20.1,-23.9,3.5,-13.9
1916,central,241.1,265.6,360.8,214.3,1081.8,41.6,-17.4,16.8,20.7,10.6
1917,central,234.2,307.4,343.7,286.4,1171.7,37.5,-4.4,11.3,61.3,19.8
1918,central,202.1,155.6,247.8,84.7,690.2,18.7,-51.6,-19.8,-52.3,-29.4
1919,central,227.7,338.1,423.8,125.6,1115.1,33.7,5.2,37.2,-29.3,14
1920,central,144.8,346.2,189.9,94.9,775.7,-15,7.7,-38.5,-46.6,-20.7
1921,central,185.7,316.1,257,242.8,1001.6,9,-1.6,-16.8,36.7,2.4
1922,central,180.9,353.1,182.3,242.8,959.1,6.2,9.9,-41,36.7,-1.9
1923,central,46.2,400.8,312.8,182.4,942.1,-72.9,24.7,1.3,2.7,-3.7
1924,central,77.2,307.7,282.3,214,881.2,-54.7,-4.3,-8.6,20.5,-9.9
1925,central,244.4,328,247.8,105.7,925.9,43.5,2.1,-19.8,-40.5,-5.3
1926,central,52.2,323.4,456.2,284.2,1116.1,-69.3,0.6,47.7,60,14.1
1927,central,177.6,448.3,266.2,129.4,1021.5,4.3,39.5,-13.8,-27.1,4.4
1928,central,157.8,377.7,222.9,152.8,911.3,-7.3,17.5,-27.8,-14,-6.8
1929,central,158.9,378.5,254.7,129.5,921.5,-6.7,17.8,-17.5,-27.1,-5.8
1930,central,176.2,373.5,203.6,194.1,947.5,3.5,16.2,-34.1,9.3,-3.1
1931,central,85.7,335.3,408.2,192.1,1021.4,-49.7,4.3,32.2,8.2,4.4
1932,central,99.4,489.4,198.5,212.2,999.5,-41.6,52.3,-35.7,19.5,2.2
1933,central,220.6,328.1,358.3,276.1,1183.2,29.5,2.1,16,55.5,21
1934,central,214.1,306.4,376.1,243.2,1139.7,25.7,-4.7,21.8,36.9,16.5
1935,central,133.3,448.1,196.5,202.5,980.4,-21.7,39.4,-36.4,14,0.2
1936,central,293.8,265.1,259.5,203.1,1021.5,72.5,-17.5,-16,14.4,4.4
1937,central,200.3,455.6,192.3,221.6,1069.8,17.6,41.8,-37.7,24.8,9.4
1938,central,289.4,337.4,252.3,156.1,1035.2,69.9,5,-18.3,-12.1,5.8
1939,central,132.5,331.3,332.9,133.9,930.7,-22.2,3.1,7.8,-24.6,-4.8
1940,central,206,400.8,331.2,94.5,1032.5,21,24.7,7.3,-46.8,5.6
1941,central,144.1,313.7,220.9,118.8,797.4,-15.4,-2.4,-28.5,-33.1,-18.5
1942,central,174.3,475.7,333.1,176.8,1159.8,2.3,48,7.9,-0.5,18.6
1943,central,168,397.9,217.2,233.3,1016.4,-1.4,23.8,-29.7,31.4,3.9
1944,central,114.9,521.8,381.3,141.2,1159.1,-32.5,62.4,23.5,-20.5,18.5
1945,central,181.7,406.4,268.4,259.7,1116.2,6.7,26.4,-13.1,46.2,14.1
1946,central,257.4,347.4,378.7,142.8,1126.4,51.1,8.1,22.6,-19.6,15.2
1947,central,99,350.6,369.9,239.4,1059,-41.9,9.1,19.8,34.8,8.3
1948,central,160.5,311.2,289.3,207.4,968.5,-5.8,-3.2,-6.3,16.8,-1
1949,central,129.7,326.9,256.1,297.9,1010.6,-23.8,1.7,-17.1,67.7,3.3
1950,central,94.8,445.9,214.9,202.9,958.5,-44.3,38.7,-30.4,14.2,-2
1951,central,141.4,296.1,271.2,112.6,821.3,-17,-7.9,-12.2,-36.6,-16
1952,central,158.1,363.7,257.5,130.7,910,-7.2,13.2,-16.6,-26.4,-7
1953,central,151.5,320.9,406.1,156.9,1035.4,-11,-0.2,31.5,-11.7,5.9
1954,central,128.9,334.7,260.1,354.5,1078.3,-24.3,4.1,-15.8,99.6,10.2
1955,central,202.1,209.9,389,276.3,1077.4,18.7,-34.7,26,55.6,10.2
1956,central,206.3,468.9,311.1,187.6,1173.8,21.1,45.9,0.7,5.6,20
1957,central,134.2,321.4,332.4,107,895,-21.2,0,7.6,-39.8,-8.5
1958,central,120.1,400.4,323.9,253.8,1098.2,-29.5,24.6,4.9,42.9,12.3
1959,central,155.4,454.3,324.9,299.2,1233.7,-8.7,41.4,5.2,68.5,26.1
1960,central,181.1,323.4,312.3,131.3,948.1,6.3,0.6,1.1,-26.1,-3.1
1961,central,202.6,426.2,314.1,349.9,1292.8,19,32.6,1.7,97,32.2
1962,central,86.9,339,248.3,242.5,916.7,-49,5.5,-19.6,36.5,-6.3
1963,central,151.1,288.5,373.5,186.6,999.7,-11.3,-10.2,21,5.1,2.2
1964,central,164.2,323.8,368.5,187.7,1044.1,-3.6,0.7,19.3,5.7,6.7
1965,central,95.2,342.8,185.2,132.1,755.3,-44.1,6.7,-40,-25.6,-22.8
1966,central,161.7,316,173.5,141.8,792.9,-5,-1.7,-43.8,-20.2,-18.9
1967,central,173.3,378.1,289.7,184.7,1025.8,1.8,17.6,-6.2,4,4.9
1968,central,110.6,324.4,258.2,153,846.4,-35.1,0.9,-16.4,-13.9,-13.5
1969,central,115.1,403.6,271.8,214.6,1005.1,-32.4,25.6,-12,20.8,2.8
1970,central,255.7,281.6,413.7,230.1,1181.2,50.1,-12.4,34,29.6,20.8
1971,central,254.4,296.9,278.9,155.4,985.6,49.4,-7.6,-9.7,-12.5,0.8
1972,central,118.6,223.6,298.5,122.5,763.1,-30.4,-30.4,-3.3,-31,-22
1973,central,98.1,406.6,371.3,226.7,1102.7,-42.4,26.5,20.2,27.6,12.7
1974,central,91.9,243.2,281.3,103.5,719.8,-46,-24.3,-8.9,-41.7,-26.4
1975,central,192.2,300.4,385.7,257.6,1136,12.9,-6.5,24.9,45,16.1
1976,central,162.7,386.7,345.8,151.2,1046.4,-4.5,20.3,12,-14.9,7
1977,central,212.1,354.1,293.7,173.4,1033.2,24.5,10.2,-4.9,-2.4,5.6
1978,central,210.5,310.5,371.6,120.6,1013.2,23.6,-3.4,20.3,-32.1,3.6
1979,central,166.5,210.4,322.8,124.9,824.7,-2.2,-34.5,4.5,-29.7,-15.7
1980,central,296.5,293.7,321.8,153.3,1065.3,74.1,-8.6,4.2,-13.7,8.9
1981,central,153.3,313.8,306.3,212.8,986.2,-10,-2.4,-0.8,19.8,0.8
1982,central,113,250.8,359.8,112.7,836.3,-33.6,-22,16.5,-36.5,-14.5
1983,central,151.1,311.5,372.9,296.3,1131.8,-11.3,-3.1,20.8,66.8,15.7
1984,central,159.1,266.5,367.8,104.1,897.5,-6.6,-17.1,19.1,-41.4,-8.2
1985,central,138,288,282.1,138.4,846.6,-19,-10.4,-8.6,-22.1,-13.4
1986,central,231.1,293.1,247.5,77.6,849.3,35.7,-8.8,-19.9,-56.3,-13.2
1987,central,102.3,233.6,259.3,117.5,712.6,-39.9,-27.3,-16,-33.8,-27.1
1988,central,168.8,406.9,269.6,215.7,1061,-0.9,26.6,-12.7,21.5,8.5
1989,central,212.9,278.7,309.3,136.8,937.7,25,-13.3,0.2,-23,-4.1
1990,central,221.7,274.6,394.2,214.7,1105.2,30.2,-14.6,27.7,20.9,13
1991,central,156,380.3,284.5,71.1,892,-8.4,18.3,-7.9,-60,-8.8
1992,central,127,296.8,361.5,164.8,950.1,-25.4,-7.7,17.1,-7.2,-2.9
1993,central,152.2,349.8,223,248.5,973.5,-10.6,8.8,-27.8,39.9,-0.5
1994,central,269.2,458.7,366.3,213.2,1307.5,58.1,42.7,18.6,20,33.7
1995,central,91.7,363.4,229.6,156.8,841.5,-46.2,13.1,-25.6,-11.7,-14
1996,central,134.4,333.4,293.1,140.6,901.5,-21.1,3.7,-5.1,-20.8,-7.8
1997,central,176.4,319.7,338.4,155.4,989.9,3.6,-0.5,9.6,-12.5,1.2
1998,central,145.3,296,237.2,254.7,933.2,-14.7,-7.9,-23.2,43.4,-4.6
1999,central,195.3,268.4,228.8,250.2,942.8,14.7,-16.5,-25.9,40.9,-3.6
2000,central,168.7,331.3,207.2,82.7,789.9,-0.9,3.1,-32.9,-53.4,-19.2
2001,central,258.4,365.8,268.2,74.1,966.4,51.7,13.8,-13.1,-58.3,-1.2
2002,central,214.2,97.8,330.3,137.3,779.6,25.8,-69.6,7,-22.7,-20.3
2003,central,166.5,379.4,320.5,232.7,1099,-2.2,18,3.8,31,12.4
2004,central,177,248.4,362.3,112.5,900.3,3.9,-22.7,17.3,-36.7,-8
2005,central,198.4,412,216.7,261.4,1088.4,16.5,28.2,-29.8,47.2,11.3
2006,central,130.5,404.7,450.9,180.5,1166.7,-23.4,25.9,46,1.6,19.3
2007,central,212.1,310,315.6,229.1,1066.7,24.5,-3.5,2.2,29,9.1
2008,central,210.4,251.5,282.3,233,977.3,23.5,-21.7,-8.6,31.2,-0.1
2009,central,68.2,407.6,195,134.1,804.9,-60,26.8,-36.9,-24.5,-17.7
2010,central,122,380,333.4,218,1053.4,-28.4,18.2,8,22.7,7.7
2011,central,187.9,297.6,353.7,247.6,1086.8,10.3,-7.4,14.5,39.4,11.1
2012,central,100.6,320.7,304.4,220,945.6,-40.9,-0.2,-1.4,23.9,-3.3
2013,central,274,422.8,295.9,184,1176.6,60.9,31.5,-4.2,3.6,20.3
2014,central,63.3,361.8,253.8,202.9,881.7,-62.8,12.6,-17.8,14.2,-9.9
2015,central,201.1,261.5,198.5,137.5,798.6,18.1,-18.6,-35.7,-22.6,-18.4
2016,central,138.7,383.4,319.7,198.4,1040.3,-18.6,19.3,3.5,11.7,6.4
2017,central,175.1,359.6,232.3,156.4,923.4,2.8,11.9,-24.8,-11.9,-5.6
2018,central,161,354.6,276.6,124.5,916.7,-5.5,10.3,-10.4,-29.9,-6.3
2019,central,117.3,351.4,428.2,368.2,1265.2,-31.1,9.3,38.7,107.3,29.4
2020,central,219.5,249.5,495.5,158,1122.5,28.9,-22.4,60.5,-11,14.8
2021,central,196.5,297.7,186.6,327.3,1008.1,15.4,-7.4,-39.6,84.3,3.1
2022,central,118.9,458.7,364.9,219.3,1161.1,-30.2,42.7,18.2,23.5,18.7
1901,ne,270.2,340.3,400,255.9,1266.4,-17.7,-19.7,20.5,-9.5,-7.4
1902,ne,312.6,438.3,337.7,373,1461.6,-4.8,3.4,1.7,31.8,6.9
1903,ne,345.8,249.5,411.8,273.8,1280.9,5.3,-41.2,24,-3.2,-6.3
1904,ne,321.3,452.7,372.6,198.5,1345.2,-2.2,6.8,12.2,-29.8,-1.6
1905,ne,235.4,446.6,484.3,316.2,1482.6,-28.3,5.3,45.9,11.8,8.4
1906,ne,284.2,436,425.8,230.2,1376.1,-13.5,2.8,28.3,-18.6,0.6
1907,ne,374.4,381.8,311.5,295.4,1363.1,14,-10,-6.2,4.4,-0.3
1908,ne,287.2,384.3,304.8,260.7,1237,-12.5,-9.4,-8.2,-7.8,-9.5
1909,ne,475.2,307.1,441,236.6,1460,44.7,-27.6,32.8,-16.4,6.8
1910,ne,398.4,458.7,368.3,261.3,1486.8,21.3,8.2,10.9,-7.6,8.7
1911,ne,407.8,367.3,394.8,322.9,1492.8,24.2,-13.4,18.9,14.1,9.2
1912,ne,276.7,436.2,370.6,183.1,1266.5,-15.7,2.9,11.6,-35.3,-7.4
1913,ne,470,387.6,372.7,245.9,1476.2,43.1,-8.6,12.3,-13.1,8
1914,ne,240.5,366.9,429.6,209.9,1246.9,-26.8,-13.5,29.4,-25.8,-8.8
1915,ne,309.4,432.7,406.9,244.4,1393.4,-5.8,2.1,22.6,-13.6,1.9
1916,ne,474.1,412.2,415.2,316.5,1618,44.4,-2.8,25.1,11.9,18.3
1917,ne,457.4,482.9,373.3,313.3,1627,39.3,13.9,12.4,10.7,19
1918,ne,638.9,580.4,552.7,318.4,2090.5,94.5,36.9,66.5,12.5,52.9
1919,ne,457.9,503.3,311.7,357.2,1630,39.4,18.7,-6.1,26.3,19.2
1920,ne,363.8,441.8,465.3,330.7,1601.6,10.8,4.2,40.2,16.9,17.1
1921,ne,491.3,572.1,488.7,350.6,1902.6,49.6,34.9,47.2,23.9,39.2
1922,ne,583.6,506.4,427.7,276.7,1794.4,77.7,19.4,28.8,-2.2,31.2
1923,ne,357.3,511.7,352.6,309.1,1530.8,8.8,20.7,6.2,9.3,12
1924,ne,452.9,570,418.9,345.1,1786.9,37.9,34.4,26.2,22,30.7
1925,ne,314.9,429.3,418.4,422,1584.5,-4.1,1.2,26,49.2,15.9
1926,ne,326.9,603,388,256.4,1574.3,-0.5,42.2,16.9,-9.4,15.1
1927,ne,428.5,495.4,393.3,471.7,1788.9,30.5,16.8,18.5,66.7,30.8
1928,ne,498.5,513.7,466.5,304.4,1783.1,51.8,21.2,40.5,7.6,30.4
1929,ne,490.2,448.5,402,243,1583.6,49.3,5.8,21.1,-14.1,15.8
1930,ne,409.9,377,469.6,322.2,1578.7,24.8,-11.1,41.4,13.9,15.5
1931,ne,429.8,640.9,300,322.4,1693.1,30.9,51.2,-9.6,14,23.8
1932,ne,472.1,381.8,443.5,340.1,1637.5,43.8,-10,33.6,20.2,19.8
1933,ne,420.4,473.4,498.5,253.1,1645.5,28,11.7,50.2,-10.5,20.3
1934,ne,494.4,528.5,378.6,278.1,1679.5,50.5,24.6,14,-1.7,22.8
1935,ne,485.6,355.5,582.6,359.5,1783.2,47.9,-16.2,75.5,27.1,30.4
1936,ne,412.5,577.3,401.6,388.2,1779.7,25.6,36.2,21,37.2,30.2
1937,ne,332.4,397.5,503,279.8,1512.8,1.2,-6.3,51.5,-1.1,10.6
1938,ne,594.6,543.5,465.6,395.5,1999.3,81.1,28.2,40.2,39.8,46.2
1939,ne,483,508.6,325.3,337.6,1654.5,47.1,20,-2,19.3,21
1940,ne,334.3,485.6,349.6,343.6,1513.1,1.8,14.5,5.3,21.5,10.7
1941,ne,427.8,472.5,457,329.5,1686.8,30.3,11.4,37.7,16.5,23.4
1942,ne,476.2,377.2,392.4,397.2,1643,45,-11,18.2,40.4,20.2
1943,ne,399.8,443.2,427.2,361.7,1631.9,21.7,4.5,28.7,27.9,19.4
1944,ne,436.5,393.6,372.4,368,1570.5,32.9,-7.2,12.2,30.1,14.9
1945,ne,335.8,461.2,439.6,299.6,1536.3,2.3,8.8,32.4,5.9,12.4
1946,ne,381.4,568.1,354.5,327.4,1631.4,16.1,34,6.8,15.7,19.3
1947,ne,373.3,589.4,337.1,340.1,1639.9,13.7,39,1.5,20.2,19.9
1948,ne,413.6,753.4,416.3,296.2,1879.5,25.9,77.7,25.4,4.7,37.5
1949,ne,484.6,505.9,446.4,329,1766,47.6,19.3,34.5,16.3,29.2
1950,ne,431.9,371.2,402.8,206.8,1412.7,31.5,-12.5,21.3,-26.9,3.3
1951,ne,404.4,419.3,314.9,217,1355.5,23.1,-1.1,-5.2,-23.3,-0.9
1952,ne,314.9,422.6,386.6,310.9,1434.9,-4.1,-0.3,16.4,9.9,4.9
1953,ne,358.9,453.6,321.9,393.1,1527.4,9.3,7,-3,39,11.7
1954,ne,378,425.7,366.5,236,1406.2,15.1,0.4,10.4,-16.6,2.8
1955,ne,317.3,503.8,353.6,225.5,1400.2,-3.4,18.8,6.5,-20.3,2.4
1956,ne,503.3,351,363.3,292.7,1510.2,53.3,-17.2,9.4,3.5,10.5
1957,ne,335.7,541.1,366.4,275.2,1518.4,2.2,27.6,10.4,-2.7,11.1
1958,ne,263.4,334.6,598.2,348.1,1544.3,-19.8,-21.1,80.2,23,12.9
1959,ne,388.2,461.9,302.4,330.1,1482.7,18.2,8.9,-8.9,16.7,8.4
1960,ne,320.7,556.5,322.5,463.2,1663,-2.3,31.3,-2.9,63.7,21.6
1961,ne,355.7,359.2,372.3,250.3,1337.6,8.3,-15.3,12.1,-11.5,-2.2
1962,ne,470.7,367.8,543.7,197,1579.2,43.3,-13.3,63.8,-30.4,15.5
1963,ne,451.3,492.7,469.1,306.8,1720,37.4,16.2,41.3,8.4,25.8
1964,ne,485.9,652,295.5,290.5,1723.9,48,53.8,-11,2.7,26.1
1965,ne,322.5,369.3,360.4,242.5,1294.9,-1.8,-12.9,8.6,-14.3,-5.3
1966,ne,427,337.2,389.2,199.5,1352.8,30,-20.5,17.2,-29.5,-1.1
1967,ne,237.7,399.6,317.5,290.6,1245.4,-27.6,-5.8,-4.4,2.7,-8.9
1968,ne,425.6,440.7,366.6,177,1409.9,29.6,3.9,10.4,-37.4,3.1
1969,ne,365.3,465.3,536,244.6,1611.1,11.2,9.7,61.4,-13.5,17.8
1970,ne,420,496.3,383.2,394.4,1693.8,27.9,17.1,15.4,39.4,23.9
1971,ne,407.4,459.1,466.2,259.1,1591.9,24.1,8.3,40.4,-8.4,16.4
1972,ne,257.2,327.4,291.9,231.3,1107.8,-21.7,-22.8,-12.1,-18.2,-19
1973,ne,398.8,284.3,323.5,322.8,1329.4,21.4,-32.9,-2.6,14.1,-2.8
1974,ne,333.6,559.9,402,335.5,1630.9,1.6,32.1,21.1,18.6,19.3
1975,ne,242.9,475.5,250.7,286.3,1255.4,-26,12.1,-24.5,1.2,-8.2
1976,ne,410.9,357.3,338.7,246.7,1353.7,25.1,-15.7,2,-12.8,-1
1977,ne,362.7,445.1,407.6,196.3,1411.7,10.4,5,22.8,-30.6,3.2
1978,ne,392.7,349,269.5,336.1,1347.4,19.6,-17.7,-18.8,18.8,-1.5
1979,ne,231.6,480.6,248.1,255.8,1216.1,-29.5,13.3,-25.3,-9.6,-11.1
1980,ne,344.9,428.9,395,280.1,1448.9,5,1.2,19,-1,6
1981,ne,268.4,510.2,327.3,237,1342.9,-18.3,20.3,-1.4,-16.2,-1.8
1982,ne,336.1,385,304.8,259.9,1285.8,2.3,-9.2,-8.2,-8.1,-6
1983,ne,301.1,423.1,334.5,343.2,1401.9,-8.3,-0.2,0.8,21.3,2.5
1984,ne,465.8,563.5,349.1,308.1,1686.5,41.8,32.9,5.2,8.9,23.3
1985,ne,359.4,509.4,316,314.2,1499,9.4,20.1,-4.8,11.1,9.6
1986,ne,305.8,404.9,306.2,349,1365.9,-6.9,-4.5,-7.8,23.4,-0.1
1987,ne,317.7,569.3,485.6,416,1788.6,-3.3,34.3,46.3,47,30.8
1988,ne,343.3,515,541,276.7,1676,4.5,21.5,63,-2.2,22.6
1989,ne,355,520.1,279.1,370.5,1524.7,8.1,22.7,-15.9,31,11.5
1990,ne,403.2,489.8,322.9,362.3,1578.1,22.8,15.5,-2.7,28.1,15.4
1991,ne,381.6,371,395.9,368.4,1516.9,16.2,-12.5,19.2,30.2,10.9
1992,ne,296.5,425.6,299.6,229.6,1251.3,-9.7,0.4,-9.8,-18.8,-8.5
1993,ne,404.4,418.5,429.5,336,1588.4,23.1,-1.3,29.4,18.8,16.2
1994,ne,335.3,318,307.6,193.5,1154.5,2.1,-25,-7.3,-31.6,-15.6
1995,ne,403.6,444.5,411.4,386.5,1646,22.9,4.8,23.9,36.6,20.4
1996,ne,318.5,406.5,398.6,207.1,1330.6,-3,-4.1,20.1,-26.8,-2.7
1997,ne,371.5,469.5,328.6,302.6,1472.3,13.1,10.7,-1,7,7.7
1998,ne,366.6,520.5,465,250.7,1602.8,11.6,22.8,40.1,-11.4,17.2
1999,ne,351.6,470.5,429.9,292.4,1544.3,7.1,11,29.5,3.4,12.9
2000,ne,368.3,334.7,337.3,359.9,1400.3,12.1,-21.1,1.6,27.2,2.4
2001,ne,351.1,327.9,266.6,254.3,1199.8,6.9,-22.7,-19.7,-10.1,-12.3
2002,ne,323.6,443.4,300.9,251,1318.9,-1.5,4.6,-9.4,-11.3,-3.5
2003,ne,387.5,407.4,292.9,234.2,1322,18,-3.9,-11.8,-17.2,-3.3
2004,ne,339.3,533.5,286.9,264,1423.8,3.3,25.8,-13.6,-6.7,4.1
2005,ne,236.2,383.5,355.1,189.9,1164.8,-28.1,-9.6,7,-32.9,-14.8
2006,ne,337.8,374.8,240.7,289.4,1242.6,2.9,-11.6,-27.5,2.3,-9.1
2007,ne,339.7,584,345.7,423.5,1692.9,3.4,37.7,4.1,49.7,23.8
2008,ne,390.6,425.3,388.6,211.5,1416,18.9,0.3,17,-25.2,3.6
2009,ne,197.6,316.3,378.8,206.4,1099.1,-39.8,-25.4,14.1,-27,-19.6
2010,ne,325.8,313.6,284.9,260.1,1184.4,-0.8,-26,-14.2,-8.1,-13.4
2011,ne,330.1,345,347.1,273.9,1296,0.5,-18.6,4.5,-3.2,-5.2
2012,ne,368.8,402.6,286,330.4,1387.9,12.3,-5,-13.9,16.8,1.5
2013,ne,256.9,289.9,300,222.5,1069.3,-21.8,-31.6,-9.6,-21.4,-21.8
2014,ne,266.1,319.1,382.7,277.9,1245.9,-19,-24.7,15.3,-1.8,-8.9
2015,ne,346,359.4,396.3,219.1,1320.7,5.4,-15.2,19.4,-22.6,-3.4
2016,ne,264.2,427.3,253.7,342.3,1287.5,-19.5,0.8,-23.6,21,-5.8
2017,ne,297,439,413.8,253,1402.8,-9.6,3.5,24.6,-10.6,2.6
2018,ne,257.3,333.7,277,212,1079.9,-21.7,-21.3,-16.6,-25.1,-21
2019,ne,224.8,474.7,215.3,330.2,1245,-31.5,12,-35.2,16.7,-8.9
2020,ne,403.5,476.5,287.3,351.1,1518.4,22.9,12.4,-13.5,24.1,11.1
2021,ne,359.6,322.3,350.4,213.2,1245.5,9.5,-24,5.5,-24.6,-8.9
2022,ne,400.9,234.6,244,244.2,1124.8,22.1,-44.7,-26.5,-13.7,-17.7
1901,nw,24.5,180.9,227.8,74.4,507.5,-68.6,-13.7,15.5,-27.5,-13.6
1902,nw,64.8,206.2,137.9,117.1,525.9,-17,-1.7,-30.1,14.1,-10.5
1903,nw,27.3,208.2,238.7,156,630.2,-65,-0.7,21,52,7.2
1904,nw,57,221.6,193.3,68.7,540.5,-27,5.7,-2,-33,-8
1905,nw,27.4,151.2,114.5,134.5,427.5,-64.9,-27.9,-41.9,31.1,-27.2
1906,nw,89,183.5,203.9,183.4,659.7,14,-12.5,3.4,78.8,12.3
1907,nw,39.1,123.4,257.9,12.6,433.1,-49.9,-41.2,30.8,-87.7,-26.3
1908,nw,41.9,267.5,337.6,69.2,716.1,-46.4,27.6,71.2,-32.6,21.9
1909,nw,121.1,288.8,200.6,142.5,753,55.1,37.7,1.7,38.9,28.1
1910,nw,118.5,175.4,270.8,115.2,679.9,51.7,-16.4,37.3,12.3,15.7
1911,nw,77.9,61.6,145.8,172.5,457.8,-0.3,-70.6,-26.1,68.1,-22.1
1912,nw,33.8,235.8,205.8,81.7,557.2,-56.7,12.4,4.4,-20.4,-5.2
1913,nw,119.1,149.9,138.8,40.3,448.2,52.5,-28.5,-29.6,-60.7,-23.7
1914,nw,71.5,328.1,177.9,137.7,715.4,-8.5,56.5,-9.8,34.2,21.7
1915,nw,54.5,135.8,198,120,508.3,-30.2,-35.2,0.4,17,-13.5
1916,nw,122.7,222.3,288.4,128.7,762.1,57.1,6,46.2,25.4,29.7
1917,nw,135,243.1,268.9,281.4,928.4,72.9,15.9,36.4,174.3,58
1918,nw,70,78,158.2,32.5,338.8,-10.4,-62.8,-19.8,-68.3,-42.3
1919,nw,43.6,254.1,241.3,86.8,625.9,-44.2,21.2,22.4,-15.4,6.5
1920,nw,87.2,242.6,103.4,38.5,471.6,11.7,15.7,-47.6,-62.5,-19.7
1921,nw,77.3,168.6,256.2,135.9,638,-1,-19.6,29.9,32.5,8.6
1922,nw,75.8,247,216.2,184.9,723.8,-2.9,17.8,9.6,80.2,23.2
1923,nw,24.7,226,273.3,94.8,618.7,-68.4,7.8,38.6,-7.6,5.3
1924,nw,20.2,250.7,208.6,227.2,706.7,-74.1,19.6,5.8,121.4,20.3
1925,nw,132.8,280.7,164.9,55.8,634.2,70,33.9,-16.4,-45.6,7.9
1926,nw,18.6,233.7,275.3,143.1,670.7,-76.2,11.4,39.6,39.5,14.1
1927,nw,42.5,237.7,258.3,64.8,603.4,-45.6,13.4,31,-36.8,2.7
1928,nw,51.9,193.7,160.5,57.7,463.8,-33.5,-7.6,-18.6,-43.8,-21.1
1929,nw,70.4,222.8,234.6,28.1,555.8,-9.9,6.2,19,-72.6,-5.4
1930,nw,64.7,267.5,157,79.1,568.2,-17.2,27.6,-20.4,-22.9,-3.3
1931,nw,18.1,204.4,262.4,135.5,620.4,-76.8,-2.5,33.1,32.1,5.6
1932,nw,42.7,210.2,208.2,96.4,557.4,-45.3,0.2,5.6,-6,-5.1
1933,nw,120.4,180,247.6,138.6,686.6,54.2,-14.2,25.6,35.1,16.8
1934,nw,96.1,188.4,253.9,78.7,617.1,23,-10.2,28.8,-23.3,5
1935,nw,32.7,225.5,170.9,107.1,536.3,-58.1,7.5,-13.3,4.4,-8.7
1936,nw,151.7,238.5,197.5,114.9,702.6,94.2,13.7,0.2,12,19.6
1937,nw,65,237.3,138.1,101.7,542.1,-16.8,13.2,-30,-0.9,-7.7
1938,nw,144.8,200.2,164.2,48,557.2,85.4,-4.5,-16.7,-53.2,-5.2
1939,nw,78.4,155.1,112.6,105.5,451.6,0.4,-26,-42.9,2.8,-23.1
1940,nw,65.4,180,230.4,54.5,530.2,-16.3,-14.2,16.8,-46.9,-9.8
1941,nw,73.2,109.8,183.4,95.9,462.3,-6.3,-47.6,-7,-6.5,-21.3
1942,nw,63.4,267.2,266.8,131.5,728.9,-18.8,27.4,35.3,28.2,24
1943,nw,48,218.8,236.2,125.2,628.1,-38.5,4.3,19.8,22,6.9
1944,nw,61.4,231.7,260.3,68.3,621.6,-21.4,10.5,32,-33.4,5.8
1945,nw,62.7,239,178.2,184.1,664,-19.7,14,-9.6,79.4,13
1946,nw,92.3,231.9,235.6,52.1,612,18.2,10.6,19.5,-49.2,4.2
1947,nw,38.6,171.5,203.9,219.1,633,-50.6,-18.2,3.4,113.5,7.7
1948,nw,42.2,263.4,263.9,107.6,677.2,-46,25.6,33.8,4.9,15.2
1949,nw,40.2,258.7,159.3,111.7,569.9,-48.5,23.4,-19.2,8.9,-3
1950,nw,52.4,247.4,223.1,205.1,728.1,-32.9,18,13.1,99.9,23.9
1951,nw,52.2,116,184,71.6,423.8,-33.2,-44.7,-6.7,-30.2,-27.9
1952,nw,117,205,259,30.7,611.7,49.8,-2.2,31.3,-70.1,4.1
1953,nw,75.2,278.9,251.3,98.6,704,-3.7,33,27.4,-3.9,19.8
1954,nw,38.9,201.6,161.5,200.9,602.8,-50.2,-3.9,-18.1,95.8,2.6
1955,nw,79.5,189.6,299.9,164.3,733.3,1.8,-9.6,52.1,60.1,24.8
1956,nw,86.2,308.2,233.2,90.1,717.7,10.4,47,18.3,-12.2,22.1
1957,nw,55.3,224.7,206.6,110.6,597.1,-29.2,7.2,4.8,7.8,1.6
1958,nw,38,248.4,223.6,215.2,725.2,-51.3,18.5,13.4,109.7,23.4
1959,nw,32.3,274.7,225.9,155.4,688.3,-58.6,31,14.6,51.5,17.1
1960,nw,51.1,246.6,250.3,60.2,608.3,-34.6,17.6,26.9,-41.3,3.5
1961,nw,88.7,223.6,263.6,160.7,736.6,13.6,6.6,33.7,56.6,25.4
1962,nw,41.1,195.5,198.3,186.5,621.3,-47.4,-6.8,0.6,81.8,5.7
1963,nw,51.9,145.3,226.6,103.7,527.4,-33.5,-30.7,14.9,1.1,-10.2
1964,nw,60.7,265.9,192.8,132.7,652.1,-22.3,26.8,-2.2,29.3,11
1965,nw,16.9,171.4,124.3,65.2,377.8,-78.4,-18.3,-37,-36.5,-35.7
1966,nw,107.2,147,220.9,101.8,576.9,37.3,-29.9,12,-0.8,-1.8
1967,nw,59.7,195.7,278,127.9,661.3,-23.6,-6.7,41,24.7,12.5
1968,nw,50.9,253.1,166.5,34.4,504.8,-34.8,20.7,-15.6,-66.5,-14.1
1969,nw,28.1,207.1,214.2,119.6,569,-64,-1.2,8.6,16.6,-3.2
1970,nw,104.6,126.4,221.6,145.3,597.9,33.9,-39.7,12.4,41.6,1.8
1971,nw,140.4,209.4,218.8,85,653.7,79.8,-0.1,11,-17.2,11.2
1972,nw,40.5,136.2,178.7,72.4,427.9,-48.1,-35.1,-9.4,-29.4,-27.2
1973,nw,68.8,191.1,299.5,105.9,665.2,-11.9,-8.9,51.9,3.2,13.2
1974,nw,60.2,216.3,133.9,43.1,453.4,-22.9,3.1,-32.1,-58,-22.8
1975,nw,104,272.1,248.8,156.2,781.2,33.2,29.8,26.2,52.2,32.9
1976,nw,62.8,183.4,266.8,110.1,623.1,-19.6,-12.5,35.3,7.3,6
1977,nw,78.4,292.2,157.7,112.8,641.1,0.4,39.3,-20,9.9,9.1
1978,nw,113.4,255.1,227.1,113.7,709.3,45.2,21.6,15.2,10.8,20.7
1979,nw,52.3,183.6,106.9,35.5,378.3,-33,-12.4,-45.8,-65.4,-35.6
1980,nw,105.3,284.4,175.2,82.6,647.5,34.8,35.6,-11.2,-19.5,10.2
1981,nw,66.8,267.4,124.7,84.4,543.3,-14.5,27.5,-36.8,-17.7,-7.5
1982,nw,49.9,147.6,228.6,69.2,495.3,-36.1,-29.6,15.9,-32.6,-15.7
1983,nw,66,217.1,230.1,156.9,670.1,-15.5,3.5,16.7,52.9,14
1984,nw,101.5,181.6,213.9,108.3,605.2,30,-13.4,8.5,5.6,3
1985,nw,44.6,256.5,186.9,108.5,596.4,-42.9,22.3,-5.2,5.8,1.5
1986,nw,73,230.1,174.1,56.1,533.4,-6.5,9.7,-11.7,-45.3,-9.2
1987,nw,57.4,88.9,136.5,74.4,357.3,-26.5,-57.6,-30.8,-27.5,-39.2
1988,nw,78,316.8,238.6,180.1,813.5,-0.1,51.1,21,75.5,38.4
1989,nw,68.8,215.6,187.8,80.1,552.3,-11.9,2.8,-4.8,-21.9,-6
1990,nw,66.8,276.4,198,141.1,682.3,-14.5,31.8,0.4,37.5,16.1
1991,nw,56.3,140,226.2,92.4,514.8,-27.9,-33.2,14.7,-9.9,-12.4
1992,nw,35.2,194.2,245.7,157.1,632.1,-54.9,-7.4,24.6,53.1,7.6
1993,nw,92.1,246.7,92.3,155.8,586.9,17.9,17.6,-53.2,51.9,-0.1
1994,nw,88.5,298.6,257.4,92.5,737,13.3,42.4,30.5,-9.8,25.4
1995,nw,59.7,253.4,276.6,127.4,717.1,-23.6,20.8,40.3,24.2,22
1996,nw,151,162.7,316.8,98.5,729.1,93.3,-22.4,60.6,-4,24.1
1997,nw,78.3,176.2,188.5,55.9,498.9,0.3,-16,-4.4,-45.5,-15.1
1998,nw,70.9,177.8,171,110.9,530.7,-9.2,-15.2,-13.3,8.1,-9.7
1999,nw,69.2,191.5,157.5,111.6,529.9,-11.4,-8.7,-20.1,8.8,-9.8
2000,nw,101.8,228.8,146.3,78.3,555.2,30.3,9.1,-25.8,-23.7,-5.5
2001,nw,138.9,246.4,138.4,44.1,567.9,77.8,17.5,-29.8,-57,-3.4
2002,nw,60.6,56.4,164.6,117.7,399.2,-22.4,-73.1,-16.5,14.7,-32.1
2003,nw,68.2,231.6,199.8,155.1,654.7,-12.7,10.4,1.3,51.2,11.4
2004,nw,78.7,129.1,187.3,49.7,444.8,0.8,-38.4,-5,-51.6,-24.3
2005,nw,46.2,254.5,100.7,131.2,532.6,-40.8,21.4,-48.9,27.9,-9.4
2006,nw,71.7,196,203.4,87.1,558.2,-8.2,-6.5,3.1,-15.1,-5
2007,nw,87.4,176.7,175.2,78.2,517.5,11.9,-15.7,-11.2,-23.8,-11.9
2008,nw,165.3,219.1,198.1,83.7,666.2,111.7,4.5,0.5,-18.4,13.4
2009,nw,37.1,146.8,120,85.4,389.3,-52.5,-30,-39.1,-16.8,-33.7
2010,nw,53.9,219.3,231.1,159.7,664.1,-31,4.6,17.2,55.7,13
2011,nw,118.5,164.7,235.6,129.5,648.3,51.7,-21.5,19.5,26.2,10.3
2012,nw,21.2,155.4,246.7,134.7,558,-72.9,-25.9,25.1,31.3,-5
2013,nw,153.7,217.3,254,68.2,693.2,96.8,3.6,28.8,-33.5,18
2014,nw,31.7,171.3,137.7,163.3,504.1,-59.4,-18.3,-30.2,59.2,-14.2
2015,nw,93.8,235.5,133,57.7,520,20.1,12.3,-32.6,-43.8,-11.5
2016,nw,64.5,239.5,227.7,54.2,585.9,-17.4,14.2,15.5,-47.2,-0.3
2017,nw,106.8,233.4,144.1,69.9,554.2,36.7,11.3,-26.9,-31.9,-5.7
2018,nw,82.2,202.6,196.1,122.7,603.5,5.2,-3.4,-0.6,19.6,2.7
2019,nw,52.7,211.9,207.2,119.1,591,-32.5,1,5.1,16.1,0.6
2020,nw,77.6,155.2,212.3,58.7,503.8,-0.6,-26,7.7,-42.8,-14.3
2021,nw,84.9,197.1,138.4,152.2,572.7,8.7,-6,-29.8,48.3,-2.5
2022,nw,68.6,232.3,177,116.3,594.3,-12.2,10.8,-10.2,13.3,1.1
NA,sthpeninsula,NA,NA,NA,NA,NA,NA,NA,NA,NA,NA
1901,sthpeninsula,155.8,197.7,147.5,138.2,639.2,-3.2,-3.3,-22.6,-13.6,-10.7
1902,sthpeninsula,117.5,212,165.1,196.3,690.8,-27,3.7,-13.4,22.7,-3.5
1903,sthpeninsula,140,300.4,212.6,211.5,864.5,-13,46.9,11.5,32.2,20.7
1904,sthpeninsula,191.3,187.1,91,136.4,605.7,18.8,-8.5,-52.3,-14.8,-15.4
1905,sthpeninsula,155.6,120.7,192.9,105.7,575,-3.4,-41,1.2,-33.9,-19.7
1906,sthpeninsula,180.1,224.5,225.9,114.7,745.2,11.9,9.8,18.5,-28.3,4.1
1907,sthpeninsula,187,206.6,221.6,126.2,741.4,16.1,1,16.3,-21.1,3.5
1908,sthpeninsula,121.2,239.1,155.4,245,760.7,-24.7,16.9,-18.5,53.1,6.2
1909,sthpeninsula,149.7,218.9,201.4,140.7,710.7,-7,7,5.7,-12.1,-0.8
1910,sthpeninsula,180.1,205.6,208,175.6,769.2,11.9,0.5,9.1,9.8,7.4
1911,sthpeninsula,184.2,188,101.7,108.5,582.5,14.4,-8.1,-46.6,-32.2,-18.7
1912,sthpeninsula,136.4,250.9,201.1,143.8,732.1,-15.3,22.7,5.5,-10.1,2.2
1913,sthpeninsula,130.6,224.5,96.9,134.8,586.7,-18.9,9.8,-49.2,-15.7,-18.1
1914,sthpeninsula,152.5,279.5,211.4,199.2,842.5,-5.3,36.7,10.9,24.5,17.7
1915,sthpeninsula,190.5,196.8,144.4,194.8,726.5,18.3,-3.8,-24.2,21.8,1.5
1916,sthpeninsula,193.2,261.3,191.9,194.9,841.2,20,27.8,0.7,21.8,17.5
1917,sthpeninsula,202.5,160.7,202.6,251.4,817.3,25.8,-21.4,6.3,57.1,14.1
1918,sthpeninsula,106.2,88.3,122.3,119,435.8,-34,-56.8,-35.8,-25.6,-39.1
1919,sthpeninsula,164.3,190.3,119.6,187.8,661.9,2,-6.9,-37.3,17.4,-7.6
1920,sthpeninsula,152.8,182,116.4,135.8,587,-5.1,-11,-38.9,-15.1,-18
1921,sthpeninsula,141,228.7,185.5,130.6,685.8,-12.4,11.8,-2.7,-18.4,-4.2
1922,sthpeninsula,141.9,220.3,126.3,109.3,597.8,-11.9,7.7,-33.7,-31.7,-16.5
1923,sthpeninsula,110.1,280.3,161.2,179.4,731,-31.6,37.1,-15.4,12.1,2.1
1924,sthpeninsula,152.6,301,172.4,208.2,834.2,-5.2,47.2,-9.5,30.1,16.5
1925,sthpeninsula,157.6,208.5,194.7,101.9,662.7,-2.1,2,2.2,-36.3,-7.5
1926,sthpeninsula,111.8,222.5,190.9,158.8,684,-30.6,8.8,0.2,-0.7,-4.5
1927,sthpeninsula,181.6,238.7,143.7,171.3,735.4,12.8,16.7,-24.6,7.1,2.7
1928,sthpeninsula,153.9,189.6,175.7,143.4,662.6,-4.4,-7.3,-7.8,-10.4,-7.5
1929,sthpeninsula,209.8,154.4,118.5,175.5,658.2,30.3,-24.5,-37.8,9.7,-8.1
1930,sthpeninsula,179.9,123.3,107.9,174.8,585.8,11.7,-39.7,-43.4,9.3,-18.2
1931,sthpeninsula,149.8,219.1,217.4,169.7,756.1,-7,7.1,14.1,6.1,5.6
1932,sthpeninsula,99.3,222.5,192,137.1,650.9,-38.3,8.8,0.7,-14.3,-9.1
1933,sthpeninsula,191.6,221.7,204.8,189.2,807.3,19,8.4,7.5,18.2,12.7
1934,sthpeninsula,177.4,202.4,161.9,82.6,624.2,10.2,-1,-15.1,-48.4,-12.8
1935,sthpeninsula,135.3,206.1,190.3,145.9,677.6,-16,0.8,-0.2,-8.8,-5.4
1936,sthpeninsula,181,198,141.4,150.8,671.3,12.4,-3.2,-25.8,-5.7,-6.3
1937,sthpeninsula,115,245,113.9,128.1,602,-28.6,19.8,-40.2,-19.9,-15.9
1938,sthpeninsula,186.7,207.2,216.8,203.9,814.6,16,1.3,13.7,27.4,13.8
1939,sthpeninsula,131.1,171.7,171.3,124.2,598.2,-18.6,-16,-10.1,-22.4,-16.5
1940,sthpeninsula,161.5,218.9,219.9,110.5,710.7,0.3,7,15.4,-30.9,-0.8
1941,sthpeninsula,160.8,131.6,142.8,170.9,606,-0.1,-35.6,-25.1,6.8,-15.4
1942,sthpeninsula,183.7,208.8,184.1,94.4,671.1,14.1,2.1,-3.4,-41,-6.3
1943,sthpeninsula,161.9,200.1,98.9,185.8,646.7,0.6,-2.2,-48.1,16.1,-9.7
1944,sthpeninsula,139.3,226.4,114.3,145.3,625.4,-13.5,10.7,-40,-9.2,-12.7
1945,sthpeninsula,116.3,250.8,161.2,112.1,640.4,-27.8,22.6,-15.4,-29.9,-10.6
1946,sthpeninsula,187.7,202.1,207.2,142.2,739.3,16.6,-1.2,8.7,-11.1,3.2
1947,sthpeninsula,129.6,247.3,253.9,192.7,823.6,-19.5,20.9,33.2,20.4,15
1948,sthpeninsula,146.4,198.3,191.9,137.6,674.1,-9.1,-3,0.7,-14,-5.9
1949,sthpeninsula,146.6,237.9,181.4,197.5,763.4,-8.9,16.3,-4.8,23.4,6.6
1950,sthpeninsula,124.5,245.3,147.9,197,714.7,-22.7,20,-22.4,23.1,-0.2
1951,sthpeninsula,162.5,240.8,118.3,146.5,668.2,0.9,17.8,-37.9,-8.4,-6.7
1952,sthpeninsula,123.7,162.5,143.2,78.4,507.8,-23.2,-20.5,-24.9,-51,-29.1
1953,sthpeninsula,158.2,280,175.1,165.6,778.9,-1.7,36.9,-8.1,3.5,8.8
1954,sthpeninsula,160.3,277.8,196.5,141.4,776.1,-0.4,35.8,3.1,-11.6,8.4
1955,sthpeninsula,179.5,158.2,219,196.9,753.6,11.5,-22.6,14.9,23.1,5.2
1956,sthpeninsula,206.1,276.1,148.1,159,789.3,28,35,-22.3,-0.6,10.2
1957,sthpeninsula,196.8,213.7,198.7,90.8,700.1,22.2,4.5,4.2,-43.3,-2.2
1958,sthpeninsula,143.1,259.9,246.4,121.8,771.3,-11.1,27.1,29.3,-23.9,7.7
1959,sthpeninsula,221.7,322.1,192,180.5,916.4,37.7,57.5,0.7,12.8,28
1960,sthpeninsula,150.1,221.9,96.6,227.8,696.5,-6.8,8.5,-49.3,42.4,-2.7
1961,sthpeninsula,204.5,344,204.9,143.3,896.7,27,68.2,7.5,-10.4,25.2
1962,sthpeninsula,92.9,243.9,229.6,202.9,769.2,-42.3,19.3,20.5,26.8,7.4
1963,sthpeninsula,143,185.6,241.3,111.1,681,-11.2,-9.2,26.6,-30.6,-4.9
1964,sthpeninsula,123.2,248.8,217.9,250.6,840.5,-23.5,21.7,14.3,56.6,17.4
1965,sthpeninsula,136.6,214.8,174.7,137,663.2,-15.2,5,-8.3,-14.4,-7.4
1966,sthpeninsula,109,235,142,185,671,-32.3,14.9,-25.5,15.6,-6.3
1967,sthpeninsula,143.8,271.9,155.1,119.3,690.2,-10.7,33,-18.6,-25.4,-3.6
1968,sthpeninsula,138.7,260.4,89.4,195.4,684,-13.9,27.3,-53.1,22.1,-4.5
1969,sthpeninsula,125,239,174,131.5,669.5,-22.4,16.9,-8.7,-17.8,-6.5
1970,sthpeninsula,155.7,195.6,254.8,150.2,756.3,-3.3,-4.4,33.7,-6.1,5.6
1971,sthpeninsula,177.7,155.1,167.1,143.9,643.8,10.4,-24.2,-12.3,-10.1,-10.1
1972,sthpeninsula,145.4,176.3,89.7,145.3,556.7,-9.7,-13.8,-52.9,-9.2,-22.3
1973,sthpeninsula,161.7,191.2,223,118.2,694.2,0.4,-6.5,17,-26.1,-3.1
1974,sthpeninsula,102.5,217.4,159.8,213.9,693.6,-36.3,6.3,-16.2,33.7,-3.1
1975,sthpeninsula,200.6,240.9,215.1,235.8,892.4,24.6,17.8,12.9,47.4,24.6
1976,sthpeninsula,90.7,244.7,207.9,95.7,639.1,-43.7,19.7,9.1,-40.2,-10.8
1977,sthpeninsula,160,213.3,166.2,112.2,651.6,-0.6,4.3,-12.8,-29.9,-9
1978,sthpeninsula,197.1,258.1,223.5,165.1,843.7,22.4,26.2,17.3,3.2,17.8
1979,sthpeninsula,152.9,173.5,148.5,215.1,689.9,-5,-15.2,-22.1,34.4,-3.7
1980,sthpeninsula,212.5,212.8,199.3,118.2,742.8,32,4.1,4.6,-26.1,3.7
1981,sthpeninsula,186.2,203.8,229,256.5,875.5,15.7,-0.3,20.1,60.3,22.3
1982,sthpeninsula,150.3,200.2,183.8,129.2,663.5,-6.6,-2.1,-3.6,-19.3,-7.3
1983,sthpeninsula,157.2,220.9,286.6,250.3,914.9,-2.4,8,50.4,56.4,27.8
1984,sthpeninsula,161,257.3,102,141.5,661.9,0,25.8,-46.5,-11.6,-7.6
1985,sthpeninsula,190.7,166.8,159.4,108,624.9,18.4,-18.4,-16.4,-32.5,-12.7
1986,sthpeninsula,162.2,140.2,216.9,129.7,648.9,0.7,-31.4,13.8,-18.9,-9.4
1987,sthpeninsula,141.3,119.2,185.7,111.1,557.3,-12.2,-41.7,-2.6,-30.6,-22.2
1988,sthpeninsula,112.9,305.7,253.1,235.5,907.3,-29.9,49.5,32.8,47.2,26.7
1989,sthpeninsula,175.6,301.8,156.2,173.2,806.8,9.1,47.6,-18,8.2,12.7
1990,sthpeninsula,158.3,159.6,228.9,115.7,662.5,-1.7,-22,20.1,-27.7,-7.5
1991,sthpeninsula,269.5,238.1,161,126,794.6,67.4,16.4,-15.5,-21.3,11
1992,sthpeninsula,181.9,198.9,203.4,139.9,724.1,13,-2.7,6.7,-12.6,1.1
1993,sthpeninsula,130.2,224.8,152.7,124.6,632.3,-19.1,9.9,-19.9,-22.1,-11.7
1994,sthpeninsula,162,274.7,175.1,90.6,702.3,0.6,34.3,-8.1,-43.4,-1.9
1995,sthpeninsula,124.9,249.2,199.6,135.3,709,-22.4,21.9,4.7,-15.4,-1
1996,sthpeninsula,213.4,194.8,205.8,188.8,802.8,32.5,-4.7,8,18,12.1
1997,sthpeninsula,147,244.6,197.1,168.5,757.3,-8.7,19.6,3.4,5.3,5.8
1998,sthpeninsula,165.3,229.4,214.6,219.3,828.5,2.7,12.2,12.6,37.1,15.7
1999,sthpeninsula,141.1,213.2,142.1,110.1,606.5,-12.4,4.3,-25.4,-31.2,-15.3
2000,sthpeninsula,195.5,169.7,289.8,134.8,789.8,21.4,-17,52,-15.7,10.3
2001,sthpeninsula,150.2,147.2,154.7,154.9,606.9,-6.7,-28,-18.8,-3.2,-15.2
2002,sthpeninsula,136.4,89.3,172.3,68.9,466.9,-15.3,-56.3,-9.6,-56.9,-34.8
2003,sthpeninsula,131.3,203,164.1,86.1,584.5,-18.4,-0.7,-13.9,-46.2,-18.4
2004,sthpeninsula,144.5,174.6,140.2,143.1,602.3,-10.2,-14.6,-26.4,-10.6,-15.9
2005,sthpeninsula,138,281.7,156.4,217.8,793.7,-14.3,37.8,-17.9,36.1,10.8
2006,sthpeninsula,159,161.7,180.9,188.5,690.1,-1.2,-20.9,-5.1,17.8,-3.6
2007,sthpeninsula,241.8,216.5,223.3,227,908.6,50.2,5.9,17.2,41.9,26.9
2008,sthpeninsula,135.1,174.9,242.6,147.3,699.9,-16.1,-14.5,27.3,-7.9,-2.3
2009,sthpeninsula,110.4,221.8,155.7,193.7,681.7,-31.4,8.5,-18.3,21.1,-4.8
2010,sthpeninsula,161.1,273.6,227,172.8,834.6,0.1,33.8,19.1,8,16.5
2011,sthpeninsula,156.9,213.6,212.9,125.8,709.2,-2.5,4.4,11.7,-21.4,-1
2012,sthpeninsula,109.9,179.8,206.3,145.2,641.3,-31.7,-12.1,8.2,-9.3,-10.4
2013,sthpeninsula,205.1,279.7,168.1,180.2,833.1,27.4,36.8,-11.8,12.6,16.3
2014,sthpeninsula,94.7,204.4,228.8,136.4,664.4,-41.2,0,20,-14.8,-7.2
2015,sthpeninsula,186.8,114,147.3,157.5,605.5,16,-44.3,-22.7,-1.6,-15.4
2016,sthpeninsula,198.3,191.2,110,161.8,661.2,23.2,-6.5,-42.3,1.1,-7.7
2017,sthpeninsula,170.8,140.1,208.7,197.1,716.7,6.1,-31.5,9.5,23.2,0.1
2018,sthpeninsula,182.5,200.2,221.2,96.9,700.9,13.4,-2.1,16.1,-39.4,-2.1
2019,sthpeninsula,112.2,192.8,293.9,239.3,838.2,-30.3,-5.7,54.2,49.6,17.1
2020,sthpeninsula,171.9,251.3,256.2,259.4,938.8,6.8,22.9,34.4,62.1,31.1
2021,sthpeninsula,166.4,275.5,168.4,195.1,805.4,3.4,34.7,-11.6,21.9,12.5
2022,sthpeninsula,138.9,328.1,242.2,166.8,876.1,-13.7,60.4,27.1,4.2,22.3
